player_name,mmr,player_teams,matches,reliable_mmr,stratz_mmr,rank_confidence
Dops32,8195.2,"['WAKANDA MADE IN CHYNA', 'KnockKnock']",26,True,8000.0,0.26
kalnoky,8054.56,['Season 40 Champs'],23,True,8000.0,0.23
lemonade,8047.85,"['Spice Boys', '#Packwatch']",25,True,8000.0,0.25
mirth,8036.32,['Toxic Tacos'],20,True,8000.0,0.2
bored of hermes,8026.56,['Toxic Tacos'],44,True,8000.0,0.44
tint,8024.17,['Toxic Tacos'],42,True,8000.0,0.42
ï¼«ï¼ï¼³ï¼´ï¼©ï¼§ï¼³,8017.51,"['Season 40 Champs', 'Balerion All-Blacks']",27,True,8000.0,0.27
Hex,8013.15,"['Nigma Rebellion', 'KnockKnock', 'Season 42 Champs', 'Rektal Damage', 'Season 40 Champs']",113,True,8000.0,1.0
imma do her proud,8010.72,"['Waist Of Time', 'The Whimsical Afrasians', ""Brit I'm a Dog, Woof! Brrr"", 'Sounding Club', 'Season 42 Champs', 'Does This Game have Fall Damage?', 'Golf Tuesday?']",71,True,8000.0,0.71
stanny,8009.25,"['Nigma Rebellion', 'Balerion All-Blacks', 'Season 42 Champs', 'WAKANDA MADE IN CHYNA', 'Rektal Damage', 'Season 40 Champs']",117,True,8000.0,1.0
MxGuire,8007.29,['Toxic Tacos'],42,True,8000.0,0.42
Artorius,7997.94,['Toxic Tacos'],40,True,8000.0,0.4
BRAE,7986.95,['#Packwatch'],21,True,8000.0,0.21
nkf,7973.33,['#Packwatch'],23,True,8000.0,0.23
Bungus,7972.34,"['WAKANDA MADE IN CHYNA', 'Waist Of Time', '1-800-QQ', 'Cinco De Mayo']",36,True,8000.0,0.36
TURTLEKING!,7969.58,['Toxic Tacos'],22,True,8000.0,0.22
Legao,7964.69,"['Spice Boys', '#Packwatch']",23,True,8000.0,0.23
Billy Smoocher,7957.47,"['Waist Of Time', 'Cinco De Mayo']",20,True,8000.0,0.2
Jgillett10,7956.04,"['Nigma Rebellion', 'Balerion All-Blacks', 'Giga Obese Ovarian Navigators', 'Season 42 Champs', 'WAKANDA MADE IN CHYNA', 'dXo-Heroic - Mantle of Midas']",81,True,8000.0,0.81
SHIVER ME TIMBERS,7953.89,"['Nigma Rebellion', 'KnockKnock', 'Season 40 Champs']",44,True,8000.0,0.44
Tree,7952.23,"['Want Steep Sets?', 'EnsÅ', 'Bubble Team']",69,True,8000.0,0.69
Jidnahn â¤ï¸ éŸ¿ã‘!,7950.32,['#1 Yami Glazers'],20,True,8000.0,0.2
Yami116,7944.61,['#1 Yami Glazers'],22,True,8000.0,0.22
Mode Dosiia,7938.23,"['Fruits', 'The Whimsical Afrasians', 'Waist Of Time', 'Sounding Club']",31,True,8000.0,0.31
Andizzle,7935.68,"['Nigma Rebellion', 'Season 42 Champs', 'Team Mochi', 'Soy Sauce: Revolution', 'WeLostThisBros', 'Season 40 Champs']",106,True,8000.0,1.0
K7,7934.48,"['Nigma Rebellion', 'Balerion All-Blacks', 'Season 42 Champs', 'Rektal Damage', 'Season 40 Champs']",91,True,8000.0,0.91
involuntary celibate,7931.94,['Empacadores de Soriana'],20,True,8000.0,0.2
ZYC,7926.28,"['Spice Boys', 'dXo-Heroic - Mantle of Midas']",31,True,8000.0,0.31
OFF !!!,7921.41,"['KnockKnock', 'Giga Obese Ovarian Navigators', '1-800-QQ']",51,True,8000.0,0.51
Yawlo,7919.57,['Empacadores de Soriana'],21,True,8000.0,0.21
MasterZ34,7917.51,['Want Steep Sets?'],41,True,8000.0,0.41
nojiit,7914.68,"[""WoT's Sounding Club"", 'Scion and the 4 plebs', '1-800-QQ']",20,True,8000.0,0.2
hc worst nightmare,7912.15,['Empacadores de Soriana'],22,True,8000.0,0.22
Mari Illustrious Makinami,7906.61,"['Northern Hog Suckers', 'Want Steep Sets?']",57,True,8000.0,0.57
Drewarosa,7905.34,['Dark Horse Tempest '],24,True,8000.0,0.24
Yrral,7903.77,"['Northern Hog Suckers', 'Want Steep Sets?', 'dXo-Heroic - Mantle of Midas']",77,True,8000.0,0.77
sorry,7902.82,"['WeLostThisBros', 'Love & Peace (Right Version)']",40,True,8000.0,0.4
50.Centaur Saves Gaza,7893.11,"['Spice Boys', 'WAKANDA MADE IN CHYNA', 'Cinco De Mayo']",31,True,8000.0,0.31
3row,7887.56,"['Spice Boys', 'Sunlight Covenant', 'Team Tidehunter']",57,True,8000.0,0.57
FrodoLaporte,7880.08,"['Northern Hog Suckers', 'Ape Express', 'Want Steep Sets?', 'Dark Horse']",78,True,8000.0,0.78
buffles,7871.53,"['NO WRAITHPACT', '1-800-QQ', 'dXo-Heroic - Mantle of Midas']",32,True,8000.0,0.32
SiliXx.ã‚ã™ã‹,7866.03,"['KnockKnock', 'Balerion All-Blacks', 'Northern Hog Suckers', 'Giga Obese Ovarian Navigators', 'Rektal Damage']",60,True,8000.0,0.6
Picashii,7860.47,['Dark Horse Tempest '],26,True,8000.0,0.26
Dr. EpiK,7854.57,"['WeLostThisBros', 'Love & Peace (Right Version)']",43,True,8000.0,0.43
For The Pills,7841.91,['Gucci God'],20,True,8000.0,0.2
THE BOILING FROG,7841.31,['Aogiri Tree'],31,True,8000.0,0.31
Babaganoush,7838.49,['WeLostThisBros'],30,True,8000.0,0.3
Celtic,7836.07,['Salt the Earth'],20,True,8000.0,0.2
Kr@Ken_430,7831.49,['THE Sleppers4'],27,True,8000.0,0.27
wife,7827.88,"['Spice Boys', 'New Rebellion', 'Giga Obese Ovarian Navigators', 'TEAM POLAND', 'dXo-Heroic - Mantle of Midas']",33,True,8000.0,0.33
soy jamon 4,7825.97,"['TEAM POLAND', 'Team Tidehunter']",38,True,8000.0,0.38
44 .â€¢*Â¨*â€¢.Â¸Â¸â™ª,7824.92,"['WeLostThisBros', 'Aogiri Tree']",57,True,8000.0,0.57
hk,7821.34,"['Spice Boys', 'New Rebellion', 'Max Retaliate']",57,True,8000.0,0.57
S-10,7818.83,"['Gucci God', '#1 Yami Glazers']",43,True,8000.0,0.43
Roo,7806.87,"['Want Steep Sets?', 'Dark Horse']",93,True,8000.0,0.93
Scarebee,7806.48,['Dark Horse'],35,True,8000.0,0.35
ferociousspud,7806.1,['Dark Horse'],80,True,8000.0,0.8
KingBob,7804.3,"['Dark Horse Storm', 'Dark Horse Vitality', 'Dark Horse']",101,True,8000.0,1.0
Koamaru,7801.09,"['dXo-Heroic - Mantle of Midas', 'Nat 20']",30,True,8000.0,0.3
sTough,7799.22,['Dark Horse'],78,True,8000.0,0.78
Heapin' Honkers,7796.34,"['WeLostThisBros', ""Helmet's On"", 'Aogiri Tree', 'Helmets On']",41,True,8000.0,0.41
Pumpkin(All chat muted),7793.28,"['WeLostThisBros', 'The Whimsical Afrasians']",20,True,8000.0,0.2
raze,7793.27,['Aogiri Tree'],37,True,8000.0,0.37
Naya Of Alara,7787.75,"['Balerion All-Blacks', 'Dark Horse', 'Emotional Damage', 'PSGS']",94,True,8000.0,0.94
Resisting the Desire to end it,7773.22,"['The Whimsical Afrasians', 'Sounding Club', 'Gucci God', 'Aogiri Tree', 'Drip or Drown']",82,True,8000.0,0.82
ooo,7769.76,"['DinoMight', 'Gucci God', 'Drip or Drown', '#1 Yami Glazers']",80,True,7300.0,0.8
Sempiternal,7765.67,"['tainted gluggers', 'mosin on valley']",27,True,8000.0,0.27
HeroesOfNewerth,7763.88,"['WeLostThisBros', 'Gucci God', 'Northern Hog Suckers', '#1 Yami Glazers']",89,True,8000.0,0.89
Chanel NÂ°5,7760.77,"['Spice Boys', 'tainted gluggers', 'mosin on valley']",50,True,8000.0,0.5
Calipsis,7752.99,"['Average Krill Eaters', 'Giga Obese Ovarian Navigators', 'Sunlight Covenant', 'Team Tidehunter']",52,True,8000.0,0.52
LoneWolf,7745.58,"['WAP', 'Baja Blasters']",23,True,8000.0,0.23
Tokamak,7727.63,"['Balerion All-Blacks', 'Drip or Drown']",38,True,8000.0,0.38
criminal animal,7722.0,['Crime Time'],27,True,8000.0,0.27
TheSmallNut,7714.08,"['Sounding Club', 'EnsÅ', 'Sunlight Covenant']",32,True,8000.0,0.32
Merk 13,7697.89,"['Does This Game have Fall Damage?', 'dXo-Heroic - Mantle of Midas', 'Nat 20']",44,True,8000.0,0.44
mode: that brother needs help,7690.51,"['TEAM POLAND', 'Garrett and Friends', 'Wasted Sad & Suicidal', 'Wasted.Creature']",60,True,7400.0,0.6
BokChoyBitch,7682.92,"['Jason Vas Foundation Picks for the Cure', 'Max Retaliate']",23,True,8000.0,0.23
ok,7676.17,"['The Whimsical Afrasians', 'GOOD TWINK HUNTING', 'Twinks and The Twinker', ""WoT's Sounding Club"", 'Waist of Time', 'Daggers in my coco']",52,True,8000.0,0.52
Sixty Two Cents,7675.48,"['Northern Hog Suckers', 'Soy Sauce: Revolution']",54,True,8000.0,0.54
t.tv/shattovv,7671.3,['beignet boys'],22,True,8000.0,0.22
Lord Luci,7659.05,"['Heroes of Golf?', 'Rektal Damage', '#Packwatch', 'Sounding Club']",52,True,8000.0,0.52
green dragon bot,7657.86,"['Heroes of Golf?', 'Waist Of Time', ""Brit I'm a Dog, Woof! Brrr"", 'GOOD TWINK HUNTING', 'Twinks and The Twinker', 'EnsÅ', 'Helmets On', 'Gucci God', 'Waist of Time', 'Golf Tuesday?', 'Daggers in my coco', 'Go play offlane', '7dark Thirty']",123,True,8000.0,1.0
Tokc,7657.06,"['Wasted Sad & Suicidal', 'Wasted.Creature', 'Wasted with Clare in the Finals', 'We Scale Late ', 'Garrett and Friends']",76,True,8000.0,0.76
HULK,7650.52,"['We Scale Late ', 'Wasted with Clare in the Finals', 'Wasted.Creature']",52,True,8000.0,0.52
mafjetz,7649.28,['GRIN Scythe'],22,True,8000.0,0.22
ScurvyDog,7646.6,"['New Rebellion', 'Cinco De Mayo', 'Waist of Time', 'Daggers in my coco', 'WAKANDA MADE IN CHYNA']",46,True,8000.0,0.46
Panda,7646.57,"['Heroes of Golf?', ""Brit I'm a Dog, Woof! Brrr"", 'GOOD TWINK HUNTING', 'Twinks and The Twinker', 'Sounding Club', ""WoT's Sounding Club"", 'Golf Tuesday?', 'Daggers in my coco', 'Team Tidehunter', 'Go play offlane']",88,True,8000.0,0.88
jelly,7641.77,"['Twinks and The Twinker', 'Los Animales de Golf?', 'Coked up (cute) Kobolds', 'GOOD TWINK HUNTING']",59,True,8000.0,0.59
smack,7640.69,"['Wasted Sad & Suicidal', 'TEAM POLAND', 'Wasted with Clare in the Finals', 'Team Tidehunter', 'Garrett and Friends']",71,True,8000.0,0.71
Clare: Reloaded,7629.9,"['Wasted Sad & Suicidal', 'Wasted.Creature']",64,True,7400.0,0.64
SaulGinnis,7629.09,"['Wasted Sad & Suicidal', 'Wasted.Creature', 'Wasted with Clare in the Finals', 'We Scale Late ', 'Garrett and Friends']",77,True,7500.0,0.77
Antivirus,7625.82,"['Does This Game have Fall Damage?', 'Emotional Damage']",30,True,8000.0,0.3
Jax,7620.54,"['Scion and the 4 plebs', 'good for ducks, good for me']",37,True,8000.0,0.37
bombogenesis day,7616.07,"['Wasted.Creature', 'Wasted with Clare in the Finals', 'Foebe Phighters', 'We Scale Late ', 'Garrett and Friends']",64,True,7400.0,0.64
Bagged Milk,7614.81,"['Baja Blasters', 'beignet boys']",27,True,8000.0,0.27
Banach,7614.42,"['Heroes of Golf?', ""Brit I'm a Dog, Woof! Brrr"", 'Golf Monday?', 'Twinks and The Twinker', 'Golf Tuesday?']",80,True,6500.0,0.8
de la Heeba,7610.03,['Jukes Angels'],25,True,8000.0,0.25
ol' stinky,7606.29,"[""Daddy's ENGORGED Dictatorship"", 'sheeesh']",21,True,8000.0,0.21
Ëš+Ëš+Ëš+Ëš+Ëš+Ëš,7595.72,['Dually Truck Hentai Warriors'],21,True,8000.0,0.21
h!,7592.48,['Wasted.Creature'],22,True,7500.0,0.22
Shamuraii,7591.35,"['Heroes of Golf?', 'Team Tidehunter', 'Highly Regarded Individuals', 'Plinks of Golf?']",79,True,8000.0,0.79
Scionara,7582.08,"['EnsÅ', 'Scion and the 4 plebs', 'good for ducks, good for me', '#Packwatch']",84,True,8000.0,0.84
Fathomorg,7580.53,"['Does This Game have Fall Damage?', 'WeLostThisBros', 'Love & Peace (Right Version)', 'Emotional Damage']",62,True,8000.0,0.62
BORK,7563.35,"['Flex Offenders', 'Glizzy Gobblers']",37,True,8000.0,0.37
spanky,7560.05,['Team Mochi'],82,True,8000.0,0.82
Luigi Mangione,7559.05,"['Heroes of Golf?', 'Ape Express', 'mosin on valley']",33,True,8000.0,0.33
â…§â…§â…§â…§â…§â…§â…§â…§â…§â…§â…§â…§â…§â…§â…§â…§â…§â…§â…§â…§â…§,7558.26,"['Flex Offenders', 'Glizzy Gobblers']",39,True,8000.0,0.39
poogie,7558.26,"['Flex Offenders', 'Glizzy Gobblers']",39,True,8000.0,0.39
Dr. UndoneJin,7557.83,"['Team awesome', 'Sounding Club', 'Nocturnal Rainbow', 'Salt the Earth']",52,True,8000.0,0.52
Holoãƒ›ãƒ­,7542.59,"['Does This Game have Fall Damage?', ""Chicken Joe's Reincarnation Cult"", 'good for ducks, good for me']",45,True,8000.0,0.45
lovell!!!!!!!!!!!!!!!!!!!,7540.04,"['Northern Hog Suckers', 'Dark Horse Tempest ', 'Soy Sauce: Revolution']",106,True,8000.0,1.0
Lake Michigan,7539.78,"['Dark Horse Tempest ', 'Soy Sauce: Revolution']",102,True,8000.0,1.0
Brok3n-,7537.26,"['Scion and the 4 plebs', 'Aogiri Tree', 'Go play offlane']",42,True,8000.0,0.42
ShadowAce,7522.48,"['We Scale Late ', 'Wasted.Creature']",24,True,7300.0,0.24
Imphatic,7520.07,"['Nocturnal Rainbow', 'Salt the Earth']",22,True,7300.0,0.22
Blockaâ„¢,7511.59,"['DinoMight', 'Jason Vas Foundation Picks for the Cure']",32,True,8000.0,0.32
Spiroar,7503.45,"['EnsÅ', 'Dota Under the Influence', 'Team Krill Eater']",28,True,8000.0,0.28
Angrysun,7501.55,"['Dark Horse Storm', 'Dark Horse Tempest ', 'Golf Monday?', 'Dark Horse Vitality']",101,True,8000.0,1.0
KILLAYOUA,7499.22,"['Gucci Coffin', 'Jukes Angels']",27,True,8000.0,0.27
han,7492.82,['Team Mochi'],101,True,8000.0,1.0
hungryphenix,7489.51,['Team Mochi'],99,True,7300.0,0.99
Excaliburracuda,7489.45,"[""Brit I'm a Dog, Woof! Brrr"", 'PSGS', 'Pot Of Greed']",34,True,8000.0,0.34
bulbi,7485.79,"['I am > I was', 'Pot Of Greed', 'WAP', 'Digital Habitat', 'Aogiri Tree', '10toes']",35,True,8000.0,0.35
FLYDOM,7484.11,['Team Mochi'],99,True,6600.0,0.99
@CrasheroniDota,7482.15,"['Dark Horse Tempest ', 'Max Retaliate']",39,True,7400.0,0.39
lysergic acid diethylamide,7471.34,"['Island in the Winter Sun', 'Conquerors of the Island in the Sun', 'Dually Truck RoadRunners']",29,True,8000.0,0.29
Potatoes~~~~,7466.93,['Wasted.Creature'],20,True,7300.0,0.2
Peter Buttermilk,7466.87,['New Rebellion'],20,False,7000.0,0.2
kden,7462.11,"['Baja Blasters', 'beignet boys', 'Soy Sauce: Revolution']",51,True,7400.0,0.51
Egotistical Confidence,7459.62,"['Simple Chemistry', 'dXo-Rejects', 'The Rejects', 'Scion and the 4 plebs', 'SpookyScarySkeletons', 'good for ducks, good for me']",101,True,8000.0,1.0
pookah,7457.21,"['dXo-Warrior', 'beignet boys', 'Grillin and Chillin']",47,True,8000.0,0.47
captainlittledinky,7454.66,"['Nocturnal Rainbow', 'Salt the Earth']",32,True,7400.0,0.32
JuicyPanda,7449.98,"['Heroes of Golf?', 'Waist of Time', 'Daggers in my coco', 'Highly Regarded Individuals', 'Plinks of Golf?']",71,True,8000.0,0.71
Marooniii,7449.19,"['Dually Truck Hentai Warriors', 'Dually Truck Diesel Drinkers', 'Dually Truck RoadRunners', 'Radiance invoker']",38,True,8000.0,0.38
MAQ-IQ,7444.63,"['Dually Truck Hentai Warriors', 'Golf Wrensday?', 'dXo-Heroic - Mantle of Midas']",45,True,8000.0,0.45
we dont drink 32s,7440.86,"['Sounding Club', 'tainted gluggers', 'mosin on valley', '#Packwatch']",27,True,7200.0,0.27
waffz,7439.62,"['Flex Offenders', 'Glizzy Gobblers']",37,True,7400.0,0.37
Icarus,7439.22,"['Does This Game have Fall Damage?', 'Plinks of Golf?']",66,True,6600.0,0.66
KayceeMJ,7439.2,"['Dark Horse Tempest ', 'GRIN Scythe', 'GRIN Prism', 'Nameless']",77,True,7200.0,0.77
Erock,7423.73,"['Heroes of Golf?', 'EnsÅ', 'Does This Game have Fall Damage?', 'Highly Regarded Individuals', 'Plinks of Golf?']",58,True,8000.0,0.58
K1ra,7421.16,"['EnsÅ', '1-800-QQ']",35,False,7069.2307692307695,0.35
Fav,7416.45,"['EnsÅ', 'dXo-Champion', 'Digital Habitat']",74,True,8000.0,0.74
PizzaJr,7410.97,"['Grillin and Chillin', 'EnsÅ', 'Soy Sauce: Revolution', 'Foebe Phighters']",53,True,8000.0,0.53
Edge Tember,7409.91,"['Heroes of Golf?', 'Comrades of Golf?', 'Golf Monday?', 'Highly Regarded Individuals']",97,True,8000.0,0.97
Rusty Shackleford,7407.8,"['Heroes of Golf?', 'Golf Monday?', 'Highly Regarded Individuals', 'Plinks of Golf?']",98,True,7500.0,0.98
Bernie Sanders,7385.06,"['Golf Monday?', 'Comrades of Golf?', 'Los Animales de Golf?', 'Highly Regarded Individuals', 'Batchesters of Golf?']",89,True,7200.0,0.89
TornadO,7384.92,['Team Mochi'],65,False,6054.545454545455,0.65
yoshi,7359.57,"[""Chicken Joe's Reincarnation Cult"", 'GRIN Scythe', 'GRIN Prism']",40,True,8000.0,0.4
Ouchkabibbles,7351.01,"[""Helmet's On"", 'Helmets On']",85,True,7400.0,0.85
Stretchy Arms,7348.43,['Helmets On'],87,True,7100.0,0.87
Morning,7347.84,"['animal enclosure', 'Dota Under the Influence', 'GRIN Fury']",21,True,8000.0,0.21
Radiofoot,7346.65,"['Island in the Winter Sun', 'Helmets On', 'Team Samsara']",91,True,7500.0,0.91
Big Red,7346.46,"['Does This Game have Fall Damage?', 'EnsÅ']",76,True,7300.0,0.76
Merc-Ury,7341.37,"['Does This Game have Fall Damage?', 'EnsÅ']",74,True,7400.0,0.74
"JerBear, Today's Word: å¾—é–’é£²èŒ¶",7340.81,"['Dark Horse Tempest ', 'Jason Vas Foundation Picks for the Cure', 'Max Retaliate']",23,True,7300.0,0.23
Sync,7340.46,['Calamity Crew'],37,True,8000.0,0.37
Dr. Changsteen,7334.02,"['DinoMight', ""Helmet's On"", 'Helmets On']",91,True,6200.0,0.91
dnjiii,7310.07,"['WAP', 'GRIN Fury', 'Dually Truck RoadRunners']",41,True,8000.0,0.41
please immortal,7307.26,"['The Whimsical Afrasians', 'Sounding Club', 'I am > I was', 'Team Samsara', 'Does This Game have Fall Damage?']",37,False,7078.571428571428,0.37
Someoneskid,7293.05,['SMD9813'],25,True,7400.0,0.25
Urbow,7290.6,"['The Whimsical Afrasians', 'Sounding Club', ""Harambe's Homies"", 'Los Animales de Golf?', 'Nocturnal Rainbow', 'Digital Habitat', 'Team Ligma']",93,True,7200.0,0.93
Son,7256.42,"['I am > I was', 'beignet boys', 'Scion and the 4 plebs', '10toes', 'Savage Spirits']",39,True,7300.0,0.39
C0re,7254.08,"['Heroes of Golf?', 'GOOD TWINK HUNTING', 'Twinks and The Twinker', 'Coked up (cute) Kobolds', ""Harambe's Homies"", 'Simple Chemistry', 'DinoMight', 'Slow Twitch Muscle Fibers', 'Jukes Angels']",54,True,7400.0,0.54
pG,7251.3,['Zealous Gaming'],36,True,8000.0,0.36
I Am Steve,7240.82,"['WAP', 'texts go green']",28,True,7400.0,0.28
Hartrun7,7230.91,"['Gucci Coffin', 'PSGS', 'mosin on valley', ""Harambe's Homies""]",31,True,7200.0,0.31
Thugpot@to01,7226.75,"['Coked up (cute) Kobolds', 'Does This Game have Fall Damage?', 'dXo-Champion', '1-800-QQ']",40,True,7100.0,0.4
JzaR,7186.7,"['sheeesh', 'SMD9813', 'Aogiri Tree', 'DinoMight', ""Daddy's ENGORGED Dictatorship""]",95,True,8000.0,0.95
Black-up,7179.47,"['Golf Monday?', ""Helmet's On"", 'Rats and Bunnies', 'Helmets On']",113,True,5500.0,1.0
Ctrl-,7174.75,"['Ape Express', 'EnsÅ']",29,True,7200.0,0.29
4thwrldmrshl,7165.38,"['Conquerors of the Island in the Sun', 'EnsÅ', 'The Bathtub Club', 'dXo-Rejects', 'The Rejects']",81,True,8000.0,0.81
Abmis,7155.79,['GRIN Scythe'],48,True,7100.0,0.48
Russ,7154.85,['SpookyScarySkeletons'],21,True,7200.0,0.21
Lorenzo,7153.67,"['Coked up (cute) Kobolds', 'Average Krill Eaters', 'Ape Express', 'Team Krill Eater']",54,True,8000.0,0.54
JDFM,7151.75,"['Island in the Winter Sun', 'Conquerors of the Island in the Sun', 'Dually Truck RoadRunners']",28,True,7100.0,0.28
Aynek,7150.53,['SpookyScarySkeletons'],23,True,7200.0,0.23
Welshy,7149.93,['Pot Of Greed'],20,True,7400.0,0.2
Profanity,7144.91,['The Rejects'],20,True,7100.0,0.2
Plate,7119.65,"[""'Nanner Grippers"", 'GRIN Prism', 'Sounding Club', 'Savage Spirits']",20,True,7300.0,0.2
Last Son of Krypton,7119.04,['Savage Spirits'],79,True,7500.0,0.79
Gift,7115.81,"['mosin on valley', 'Savage Spirits']",20,True,7100.0,0.2
Khalsa GM,7112.43,['SpookyScarySkeletons'],23,True,7100.0,0.23
Achilles,7101.17,['7dark Thirty'],33,True,7400.0,0.33
printer,7095.02,['Savage Spirits'],90,True,8000.0,0.9
GlHf,7079.47,"['beignet boys', 'Grillin and Chillin', 'Cerviche Molotov']",32,False,6825.0,0.32
ë¼ì¼ë¦¬,7078.29,"['DinoMight', 'Savage Saints', 'Savage Spirits']",95,True,7100.0,0.95
Lapsed Pacifist,7070.75,"['Jackson 5', 'Savage Spirits']",90,True,6400.0,0.9
Slave to Winning,7069.2,"['Crime Time', 'The Whimsical Afrasians', 'Golf Monday?', ""Brit I'm a Dog, Woof! Brrr"", 'Coked up (cute) Kobolds', 'Los Animales de Golf?', 'Waist of Time', 'Waist of Golf?', 'Daggers in my coco', 'Golf Tuesday?']",92,True,6300.0,0.92
phoenix,7068.5,"['GRIN Scythe', 'GRIN Prism']",60,True,7400.0,0.6
Time's,7067.1,['dXo-Rejects'],22,True,7300.0,0.22
Chubbs,7064.68,"['Dually Truck Hentai Warriors', 'GRIN Scythe', 'Dually Truck RoadRunners']",39,True,7500.0,0.39
Beejack Honeydew,7063.6,"['Eldrazi', 'Pot Of Greed']",29,True,7200.0,0.29
JJnok,7055.22,"['Island in the Winter Sun', 'Conquerors of the Island in the Sun', 'Slugcats']",73,True,8000.0,0.73
DH. Jukester,7053.41,"['Golf Monday?', 'Coked up (cute) Kobolds', 'I am > I was', 'Nat 20', 'Bubble Team', 'Digital Habitat', '10toes', 'Jukes Angels']",73,True,7300.0,0.73
mr worldwide,7050.03,"['Coked up (cute) Kobolds', 'Jukes Angels', 'Digital Habitat']",45,True,7300.0,0.45
Pony,7049.83,"['Scion and the 4 plebs', 'Go play offlane']",37,True,6500.0,0.37
LFT Next AD2L Szn,7041.24,"['EnsÅ', 'Bubble Team', '2FrogsSoftware', 'Gucci Coffin', 'GRIN Rat Society', 'Slow Twitch Muscle Fibers', 'GRIN Fury']",83,True,7200.0,0.83
UnrulyBear,7040.93,"['good for ducks, good for me']",23,True,6500.0,0.23
cookies,7040.29,"[""'Nanner Grippers"", 'EnsÅ', 'Go play offlane', ""Daddy's ENGORGED Dictatorship"", 'Savage Spirits']",37,True,7200.0,0.37
frost,7038.41,"['PSGS', 'Bubble Team', 'Plinks of Golf?', 'Golf Thirstday?', 'Savage Spirits']",72,True,7200.0,0.72
âœªAlareiksâœª,7037.64,['sheeesh'],20,True,7200.0,0.2
SSC,7036.69,"['Gucci Coffin', 'PRESTIGE WORLDWIDE', ""Harambe's Homies""]",20,True,7100.0,0.2
Nigerian White,7026.59,['Zealous Gaming'],36,True,7300.0,0.36
Dragoness,7026.22,"['Dually Truck Hentai Warriors', 'Rats and Bunnies', 'mosin on valley']",32,True,7100.0,0.32
butthealth,7017.13,"['Dark Horse Storm', ""'Nanner Grippers"", 'Rats and Bunnies', 'Nameless', 'OTF', 'SMD9813', 'Waist of Golf?', ""Daddy's ENGORGED Dictatorship"", 'Savage Sabers', 'GRIN Smoke']",125,True,7600.0,1.0
cartographer,7015.99,"['Coked up (cute) Kobolds', 'Average Krill Eaters', 'Los Animales de Golf?', 'Does This Game have Fall Damage?', 'Digital Habitat', 'Team Krill Eater', 'Go play offlane', 'Calamity Crew']",96,True,7300.0,0.96
Tempeståµ,6993.79,['Calamity Crew'],47,True,8000.0,0.47
GeeR3,6993.49,"['Dually Truck Hentai Warriors', 'PSGS', 'Pot Of Greed']",51,True,7100.0,0.51
ReVamp,6983.99,"['Savage Saints', 'GRIN Prism', 'Pizzadog.JV', 'Dota Under the Influence', 'Dumpster Fire', 'Idiots', 'GRIN Scythe', 'Savage Spirits']",89,True,7100.0,0.89
ClowD,6967.64,"['Simple Chemistry', 'Slow Twitch Muscle Fibers', '7dark Thirty', 'Rod of a Toast']",76,True,7200.0,0.76
IPwnedAIDS,6961.67,"['Dark Horse Storm', 'Rodents and Hares Pest Control', 'Rats and Bunnies', 'Simple Chemistry', '7dark Thirty', 'Slow Twitch Muscle Fibers', 'Dark Horse Vitality', 'Rod of a Toast', 'GRIN Smoke']",96,True,7100.0,0.96
AZ,6960.31,"['animal enclosure', 'Rats and Bunnies', ""Harambe's Homies"", 'PSGS', 'Gucci Coffin', '4 NOOBS 1 TROLLBUS', 'GRIN Scythe']",59,True,7300.0,0.59
Daddy Odin,6960.02,"['Savage Saints', 'Rats and Bunnies', 'Conquerors of the Island in the Sun', 'EnsÅ', 'Island in the Winter Sun', 'Baja Blasters', 'The Rejects', 'Calamity Crew']",89,True,7500.0,0.89
1 last time,6959.12,"['Coked up (cute) Kobolds', 'I am > I was', 'OTF', 'Team Krill Eater', '10toes', 'GRIN Scythe', 'Rod of a Toast']",66,True,7300.0,0.66
MyM.Slayer,6946.17,"['Simple Chemistry', 'Slow Twitch Muscle Fibers', '7dark Thirty', 'Rod of a Toast']",83,True,6500.0,0.83
twubz,6931.42,['Merrill Howard Kalin Fan Club'],39,True,7300.0,0.39
Forgotten,6927.52,"['Pot Of Greed', 'PSGS', 'Eldrazi', 'Savage Spirits']",60,False,6372.222222222223,0.6
lostperson,6924.57,"['Merrill Howard Kalin Fan Club', ""'Nanner Grippers"", 'Team Ligma']",39,True,7500.0,0.39
GNX,6923.72,"['OTF', 'Team Samsara', 'Rod of a Toast', 'Team Ligma']",72,True,8000.0,0.72
malibu,6923.37,"['animal enclosure', 'Honey Beesports', 'Team Samsara', '2FrogsSoftware', 'GRIN Fury']",53,True,8000.0,0.53
Marine,6921.96,"['OTF', 'Team Ligma']",22,True,7300.0,0.22
(BP)Bluntman(Chronic),6896.47,"['OTF', 'Team Samsara']",28,True,7400.0,0.28
fortniteman,6884.49,"['Coked up (cute) Kobolds', ""'Nanner Grippers"", ""Daddy's ENGORGED Dictatorship"", 'Los Animales de Golf?']",82,True,6300.0,0.82
Manoy,6879.28,"['Rats and Bunnies', 'texts go green', 'Brain Damage', 'LF Danny Playoff Replacement', 'Pizzadog Academy', 'Team Ligma', ""Daddy's ENGORGED Dictatorship""]",57,True,7200.0,0.57
Animal I Have Become,6874.61,"['Dually Truck Hentai Warriors', 'Dually Truck Dumpster-Fire', 'GRIN Scythe', 'Dually Truck Diesel Drinkers']",47,True,7300.0,0.47
milkboxxy,6873.97,"['Bubble Team', 'Waist of Golf?', 'Jukes Angels', 'Plinks of Golf?', 'Golf Thirstday?']",80,True,7200.0,0.8
Sultan of Canada,6865.3,"['Golf Monday?', 'Rats and Bunnies', 'Dota Under the Influence', 'Yoinky Sploinky', ""Daddy's ENGORGED Dictatorship""]",49,True,7400.0,0.49
Princess,6863.85,['Calamity Crew'],27,True,7200.0,0.27
Younghoe Koo,6834.91,"['GRIN Scythe', 'GRIN Fury']",34,True,7200.0,0.34
wrennsday,6834.38,"['Golf Monday?', 'Comrades of Golf?', 'Golf Wrensday?', 'Waist of Golf?', '10toes']",62,True,6500.0,0.62
TINWCD,6820.66,['Jackson 5'],29,True,7200.0,0.29
Darthwalker,6818.49,['The Rejects'],23,True,6300.0,0.23
Merrill Howard Kalin,6804.0,['Merrill Howard Kalin Fan Club'],39,True,7100.0,0.39
panda,6798.56,"['SMD9813', 'sheeesh']",22,True,6500.0,0.22
Raddialin,6778.14,"['Dually Truck Hentai Warriors', 'dXo-Champion']",22,True,6700.0,0.22
Orion,6776.65,"['Average Krill Eaters', 'Remove Radiance From The Game', 'Rats and Bunnies', 'Team Krill Eater']",81,True,7100.0,0.81
Dr. cjj,6762.18,"['Calamity Crew', 'I am > I was', 'Nameless', 'Savage Spirits']",37,False,6372.222222222223,0.37
Asmoranomardicadaistinaculdacar,6740.86,"['Rodents and Hares Pest Control', ""'Nanner Grippers"", 'Rats and Bunnies', ""Blitz's Feet"", 'dXo-Rejects', 'Dark Horse Vitality', 'GRIN Scythe']",89,True,6100.0,0.89
Clarkles,6731.21,"['Average Krill Eaters', 'GRIN Rat Society', 'Team Krill Eater']",46,True,7200.0,0.46
RangerX01,6721.38,['Merrill Howard Kalin Fan Club'],41,True,6500.0,0.41
Ghost,6720.17,"['Plinks of Golf?', 'Grillin and Chillin']",20,False,6610.0,0.2
Shoon,6718.46,['Flex Offenders'],29,False,6283.333333333333,0.29
Akro,6712.95,['GRIN Fury'],64,True,7400.0,0.64
Thunder_MuFiN,6704.2,"['Baja Blasters', 'beignet boys', 'Grillin and Chillin']",25,True,6400.0,0.25
Cryptic Wisdom,6701.48,['DinoMight'],20,False,6337.5,0.2
CHEESE BREAD,6668.84,"['Veni Vidi Vici', 'Savage Sabers']",24,True,7200.0,0.24
Dr. Spike the Dota Dr.,6658.25,"['Honey Beesports', 'Pizzadog.JV', 'Nameless', 'Dumpster Fire', 'Idiots', 'SpookyScarySkeletons']",63,True,6500.0,0.63
chandler9,6655.26,['Merrill Howard Kalin Fan Club'],41,True,6100.0,0.41
JBay7,6641.73,"['Rats and Bunnies', 'Reverse Smurfs', 'j', 'e', 'Have Mercii Daddy', 'LF Danny Playoff Replacement', 'Teens Love Huge Clocks']",79,True,7200.0,0.79
MC_Flowerpot,6626.71,"['WAP', 'dXo-Warrior', '2FrogsSoftware']",30,True,7100.0,0.3
lowskill,6620.03,"[""Daddy's ENGORGED Dictatorship""]",62,True,6300.0,0.62
pentjack,6604.42,['GRIN Scythe'],20,True,6200.0,0.2
GodamNî‚ƒ,6597.15,['SMD9813'],25,False,5914.285714285715,0.25
kerokerocola,6593.94,['Merrill Howard Kalin Fan Club'],41,False,5842.857142857143,0.41
Ponquist,6587.42,['GRIN Smoke'],21,True,7300.0,0.21
Talamh Soilleir,6582.28,"['Calamity Crew', ""Chicken Joe's Reincarnation Cult"", 'GRIN Scythe', 'GRIN Fury', 'Golf Thirstday?', 'Savage Spirits']",53,True,6400.0,0.53
gnatiaK,6555.33,"['Savage Saints', 'e', 'j', 'Brain Damage', 'Have Mercii Daddy', 'Calamity Crew', 'Teens Love Huge Clocks']",58,False,5865.0,0.58
Legend,6542.58,['GRIN Fury'],61,True,6400.0,0.61
bonkey,6542.54,"[""'Nanner Grippers"", ""Daddy's ENGORGED Dictatorship"", 'Savage Spirits']",27,True,6400.0,0.27
tannerb0y,6542.04,"['Island in the Sun', 'GRIN Fury', 'GRIN Prism', 'Radiance invoker']",52,True,6500.0,0.52
GrayBush,6541.53,"['PSGS', 'Nameless', 'Grillin and Chillin', '2FrogsSoftware', ""Daddy's ENGORGED Dictatorship"", 'Calamity Crew', 'GRIN Fury']",76,True,6200.0,0.76
LTNessnite,6538.74,"['Rodents and Hares Pest Control', ""'Nanner Grippers"", 'Rats and Bunnies', ""Blitz's Feet"", 'Waist of Golf?', ""Daddy's ENGORGED Dictatorship""]",104,True,7100.0,1.0
Winkx,6536.57,"['Honey Beesports', 'Slugpups', 'SlugWolves']",40,True,7300.0,0.4
â™«Harmonyâ™¬,6523.95,"['Discovery', 'Slugpups', 'Slugcats', 'Pizzadog.JV', 'T12186', 'Dumpster Fire', 'Idiots', ""Elsa's Boiz <3 <3 <3""]",31,True,7100.0,0.31
Berry,6510.84,['Dark Horse Storm'],47,True,6300.0,0.47
ShoeB,6507.54,"['Slow Twitch Muscle Fibers', 'Rats and Bunnies', '7dark Thirty', 'Rod of a Toast']",57,True,5700.0,0.57
Carddog,6501.9,['Rats and Bunnies'],35,True,6100.0,0.35
ThePurplePanzy,6496.06,"['Dark Horse Storm', 'Rodents and Hares Pest Control', ""'Nanner Grippers"", 'Rats and Bunnies', 'GRIN Fury']",78,True,5200.0,0.78
CheddarBear,6493.86,"['Rodents and Hares Pest Control', ""'Nanner Grippers"", 'dXo-Challenger', 'THE CROWNFALL FISHING CLUB', 'Dually Truck Hentai Warriors', 'dXo-Rejects', 'Calamity Crew']",57,True,6400.0,0.57
TheSuperbSimone,6493.8,"['Rats and Bunnies', 'Plinks of Golf?']",30,True,6300.0,0.3
be nice to me pls,6468.15,"['animal enclosure', 'The Bathtub Club', 'GRIN Rat Society', 'dXo-Warrior', 'Savage Spirits']",61,True,7100.0,0.61
Jmeli,6468.11,['sheeesh'],20,False,6133.333333333333,0.2
Sleepy,6464.65,['Dark Horse Storm'],26,True,7100.0,0.26
Blanket Man,6457.18,['Island in the Sun'],46,True,6500.0,0.46
perpetual novice â˜¼,6454.36,"[""Daddy's ENGORGED Dictatorship"", 'Rats and Bunnies']",65,True,5700.0,0.65
Island,6452.05,"['Rodents and Hares Pest Control', 'GRIN Fury', 'PSGS']",77,True,5400.0,0.77
fred0123456789,6446.95,"['Blink Squad', 'PRESTIGE WORLDWIDE', 'Gucci Coffin', 'SMD9813', 'Radiance invoker', 'Team Ligma', 'SlugWolves', 'Savage Sabers']",61,True,6500.0,0.61
dyl,6430.11,"['Island in the Sun', ""'Nanner Grippers"", 'Team Ligma']",40,True,6200.0,0.4
Ashley Benson Enthusiast,6428.82,"['Dually Truck Hentai Warriors', 'Reverse Smurfs', 'Dually Truck Diesel Drinkers']",25,True,6400.0,0.25
Ru Elamo,6416.6,"['e', 'j', 'Teens Love Huge Clocks']",21,True,6200.0,0.21
PosiTr0n,6387.19,"['Island in the Sun', 'Savage Saints', 'Pizzadog.JV', 'dXo-Rejects', 'Dumpster Fire', 'Idiots']",68,True,5500.0,0.68
ClockWork,6385.53,"[""John Wick's Dog""]",20,True,6600.0,0.2
Mango,6358.93,"['Island in the Sun', 'Jackson 5']",49,True,6300.0,0.49
AzureSatan[TTV],6351.75,"['GRIN Rat Society', 'PSGS', 'GRIN Fury']",35,True,6400.0,0.35
USCreme,6329.41,"['texts go green', 'Reverse Smurfs', 'Nameless', 'Disciples of Synderen', 'Honey Beesports', 'j', 'Have Mercii Daddy', 'e', 'Brain Damage', 'LF Danny Playoff Replacement', 'Repulsive Gaming', 'GRIN Smoke']",92,True,6200.0,0.92
mrburrito,6312.14,"['Heroes of Golf?', ""'Nanner Grippers"", 'Golf Monday?', ""Daddy's ENGORGED Dictatorship"", 'Golf Thirstday?']",82,True,6300.0,0.82
å¤œç©ºä¸­æœ€äº®çš„æ˜Ÿ,6290.61,"['Wet Bread', 'ALL CAPS']",28,True,6600.0,0.28
Tinz,6284.81,"['Dark Horse Storm', 'Dark Horse Vitality']",70,True,6200.0,0.7
Sabo,6283.1,"['texts go green', 'e', 'j', 'Have Mercii Daddy', 'LF Danny Playoff Replacement']",25,True,6100.0,0.25
lykasumboooty,6252.33,"['Rodents and Hares Pest Control', 'Slugpups', 'dXo-Challenger', ""Blitz's Feet"", 'Nameless', 'THE CROWNFALL FISHING CLUB', '4 NOOBS 1 TROLLBUS']",78,True,6500.0,0.78
Nuwa,6249.05,['Nameless'],97,True,6200.0,0.97
Bluejay - By Saint Laurent,6231.1,"['j', 'Teens Love Huge Clocks', 'Blink Squad']",25,True,6100.0,0.25
Schmobama,6224.41,"['Wet Bread', 'ALL CAPS']",29,True,6400.0,0.29
"What's the Frequency, Kenny?",6223.64,"['SICKR', 'Dually Truck Dumpster-Fire', 'Dota Under the Influence']",43,False,6581.818181818182,0.43
The tism (Patient Zero),6209.0,"['Bubble Team', 'GRIN Rat Society', 'Big Farma', 'GRIN Smoke']",49,True,6700.0,0.49
GATA,6177.73,"['Pepecopters', 'Reverse Smurfs', 'Nameless', 'Dually Pubstars']",80,True,7300.0,0.8
Chadenator,6170.0,"['Nether Knights', 'Tactical Feeding', 'THE CROWNFALL FISHING CLUB']",58,True,7100.0,0.58
GodRamen,6170.0,"['Nether Knights', 'Tactical Feeding', 'THE CROWNFALL FISHING CLUB']",58,True,7100.0,0.58
Old Ramen,6139.0,['GRIN Smoke'],32,True,6400.0,0.32
SchmoobledeeBread,6132.54,"['Wet Bread', 'ALL CAPS']",31,True,6200.0,0.31
Nuudle,6132.24,"['Slugpups', 'Honey Beesports', 'Tactical Feeding', 'SlugWolves', 'Savage Sabers']",71,True,6500.0,0.71
Finesse,6130.75,"['Nameless', 'Pizzadog Academy']",97,True,5100.0,0.97
Wilsonsticks,6127.89,"['Jukes Angels', 'Jackson 5']",29,True,6200.0,0.29
Subtlety,6119.38,['Nameless'],39,True,6400.0,0.39
oblivionkc,6101.66,['Dark Horse Storm'],24,True,6200.0,0.24
Ratticus,6093.69,"['GRIN Rat Society', 'GRIN Smoke']",51,True,6100.0,0.51
Chunklin,6092.92,['Zealous Gaming'],36,True,5400.0,0.36
McGroovy,6091.81,"[""John Wick's Dog""]",20,True,6200.0,0.2
Born Again,6083.75,['Team Samsara'],34,True,6100.0,0.34
Fascist Clock,6083.03,['GRIN Rat Society'],28,True,6200.0,0.28
4GG,6077.86,['THE CROWNFALL FISHING CLUB'],23,True,6200.0,0.23
Pengin,6069.89,['Dark Horse Storm'],59,True,5400.0,0.59
Dizzle,6050.25,"['Dark Horse Storm', 'Dark Horse Vitality']",70,True,5300.0,0.7
RuskDaddy,6047.34,"['Slugcats', 'Disciples of Synderen']",53,True,6500.0,0.53
Shortbus Enjoyer,6033.38,['Crime Time'],24,True,6100.0,0.24
Paravane,6031.78,"['Slugpups', 'SlugWolves', 'Big Dingoz']",44,True,5400.0,0.44
HelloRobotics,6018.42,"['Golf Wrensday?', ""'Nanner Grippers"", ""Kitten's Kadets""]",37,True,6200.0,0.37
despair,6012.46,['SICKR'],21,True,6100.0,0.21
8======D~~~,5995.04,"['Dually Truck Dumpster-Fire', 'THE CROWNFALL FISHING CLUB']",29,True,6100.0,0.29
Dan Rather Did Nothing Wrong,5992.14,"['Hobbit Hole', 'Hat of Midas']",23,True,6100.0,0.23
JuanSolo,5991.49,['Savage Sabers'],42,True,6200.0,0.42
Ares â˜¯,5978.3,"['Nether Knights', 'Slugpups', 'Tactical Feeding']",34,True,6100.0,0.34
KL1,5976.09,"['Nether Knights', 'ALL CAPS', 'Savage Sabers']",51,True,6100.0,0.51
Dububear,5974.26,"['Apex Toe Hunters', 'Golf Wrensday?', 'Waist of Golf?', 'GRIN Scythe', ""Daddy's ENGORGED Dictatorship"", 'Golf Thirstday?']",74,True,5300.0,0.74
Jenkins Enjoyer,5971.95,"['Slugcats', 'GRIN Scythe']",65,True,6200.0,0.65
2k,5955.55,['Big Dingoz'],68,True,6200.0,0.68
red40warrior,5954.22,"[""'Nanner Grippers"", 'Comrades of Golf?', 'Dually Truck Hentai Warriors', 'Golf Wrensday?', 'Golf Tuesday?', 'Golf Thirstday?']",74,True,5400.0,0.74
Shrewd-Cleric,5927.87,"['Slugpups', 'SlugWolves']",48,True,5400.0,0.48
IITS.èœé¸Ÿ,5923.34,"['Hobbit Hole', 'Island in the Sun', 'Slugpups', 'dXo-Challenger', 'Reverse Smurfs', 'Big Dingoz', 'GRIN Smoke']",84,True,6200.0,0.84
Chilling,5918.64,['Big Dingoz'],57,True,5300.0,0.57
dr.dr2492,5915.65,['SMD9813'],20,True,5400.0,0.2
é¾å ´æ‚Ÿé“,5915.35,"['Reverse Smurfs', 'Big Dingoz', 'Disciples of Synderen', 'Savage Sabers']",41,True,6300.0,0.41
Creme,5899.95,"['SICKR', 'Slugcats', 'Disciples of Synderen', 'GRIN Smoke', 'Pot of Vainglory']",66,True,5500.0,0.66
Voidhunter,5891.93,['Big Dingoz'],78,True,6100.0,0.78
roxyroro,5888.26,"['SICKR', 'Slugcats']",79,True,5300.0,0.79
Clippy,5871.47,"['Heroes of Golf?', 'Golf Tuesday?', ""Kitten's Kadets"", 'Golf Thirstday?', 'Batchesters of Golf?']",88,True,5500.0,0.88
Architeuthis,5852.6,"['dXo-Warrior', 'Disciples of Synderen']",66,True,6300.0,0.66
Finley,5836.96,"['Hat of Midas', 'Big Farma']",40,True,6100.0,0.4
Chimp,5819.23,['Island in the Sun'],30,True,5300.0,0.3
BillRot,5818.62,"['Tactical Feeding', 'Savage Sabers', 'repulsive Gaming']",34,True,6500.0,0.34
Clowner,5816.84,"['Derailed Gaming', 'Hat of Midas']",33,True,6300.0,0.33
idrinkyourmilkshake,5799.34,['Disciples of Synderen'],83,True,6400.0,0.83
Perch,5795.45,['Zealous Gaming'],36,True,5100.0,0.36
GAMbro,5787.82,"['Island in the Sun', 'Petting Zoo Daddies']",36,True,6200.0,0.36
Space Cowboy,5784.6,"['dXo-Challenger', 'SICKR', 'Force Squad', 'Big Dingoz', 'dXo-Warrior', 'GRIN Fury', 'Savage Sabers']",49,True,5500.0,0.49
AwRoosTeR,5776.82,"['Hat of Midas', 'Big Farma']",57,True,6100.0,0.57
Mangos,5776.7,['Crime Time'],24,True,5500.0,0.24
ddÄ±Êžs,5759.86,"['Island in the Sun', 'Repulsive Gaming', 'Savage Sabers', 'repulsive Gaming']",54,True,6200.0,0.54
Swag should be free,5751.83,['Mary Todd Lincoln: Forever Young'],43,True,5500.0,0.43
Lonely Warrior,5741.95,"['Island in the Sun', 'Slugpups', 'Nameless', '5 Guys 1 Cup', 'GRIN Scythe']",64,True,5500.0,0.64
ezu,5741.68,"['Golf Thirstday?', 'Apex Toe Hunters']",27,True,5400.0,0.27
Jester,5738.6,['Mary Todd Lincoln: Forever Young'],56,True,5400.0,0.56
tyler your dad is here,5737.33,['Mary Todd Lincoln: Forever Young'],41,True,5400.0,0.41
romance anime,5737.17,"['Honey Beesports', 'Slugpups']",22,True,5300.0,0.22
Ailerath,5726.46,['Mary Todd Lincoln: Forever Young'],56,True,5300.0,0.56
Pibbles,5716.45,"['Mary Todd Lincoln: Forever Young', 'Zealous Gaming']",34,True,5400.0,0.34
"WiseKiller, Evan",5704.41,"['Golf Tuesday?', 'Disciples of Synderen']",89,True,6100.0,0.89
Stanley,5694.27,"['Comrades of Golf?', ""Kitten's Kadets"", 'Golf Thirstday?', 'Batchesters of Golf?']",52,True,5200.0,0.52
Graphix,5681.64,['Savage Sabers'],90,True,5400.0,0.9
Road to Immortal,5656.04,"['Radiance invoker', 'Veni Vidi Vici', 'Savage Sabers']",51,True,6200.0,0.51
Apap$icle,5653.57,"['Repulsive Gaming', 'repulsive Gaming']",20,True,5500.0,0.2
Lucky Day,5648.46,"['Radiance invoker', 'GRIN Smoke']",57,True,5500.0,0.57
Megasheepz,5634.93,['Hat of Midas'],24,True,5500.0,0.24
Cloudz,5628.08,['Disciples of Synderen'],87,True,5300.0,0.87
GraceJam,5623.28,"['Waist of Golf?', ""Kitten's Kadets"", 'Apex Toe Hunters']",24,True,5200.0,0.24
tinypuddles,5622.47,['Disciples of Synderen'],77,True,6100.0,0.77
ToAsT,5621.85,"['Nameless', 'GRIN Smoke']",31,True,5500.0,0.31
JAB,5609.26,"['Repulsive Gaming', 'repulsive Gaming']",20,True,5400.0,0.2
pomato,5594.35,['Derailed Gaming'],53,True,6200.0,0.53
Prev0st,5582.27,"[""John Wick's Dog"", 'Big Farma']",21,True,5400.0,0.21
illusive,5552.56,"['Honey Beesports', 'Dually Truck Dumpster-Fire', 'Dually Truck Diesel Drinkers']",29,True,5400.0,0.29
TwoLostSouls,5550.24,"['Asphalt Annihilators', 'Dually Truck Dumpster-Fire', 'Ancient Assault Squad', 'Big Farma']",57,True,5300.0,0.57
nÃ¶,5514.36,"['Dually Truck Gas Gremlins', 'Savage Sabers']",65,True,5500.0,0.65
Lower your expectations,5510.56,"['Dark Horse Storm', 'Rodents and Hares Pest Control', 'Blink Squad', 'Asphalt Annihilators', 'Brain Damage']",75,True,6200.0,0.75
IharaSan,5510.4,"['Soulless', 'Radiance invoker', 'GRIN Smoke']",79,True,4700.0,0.79
Vitruvius,5509.62,"['Blink Squad', 'Slugcats', '5 Guys 1 Cup', 'Dually Truck Dumpster-Fire', 'Big Dingoz']",81,True,5100.0,0.81
AdmiraL Jiren,5509.56,['Derailed Gaming'],41,True,5400.0,0.41
Night,5499.67,['Salt the Earth'],20,False,5116.666666666667,0.2
Tyro,5478.27,"['LoveLess', 'Nameless']",30,True,5200.0,0.3
Havok,5476.08,['5 Guys 1 Cup'],35,True,5500.0,0.35
HamCity,5456.06,['GRIN Smoke'],22,True,5400.0,0.22
Flameice,5450.59,['Derailed Gaming'],53,True,5100.0,0.53
AchillesLast,5438.45,"['Dually Truck Chicken Cartel', 'Big Dingoz']",84,True,5100.0,0.84
Bug Collector,5433.33,['Big Farma'],23,True,5200.0,0.23
B-Town,5427.76,['Jackson 5'],21,True,5400.0,0.21
Kickass,5426.88,['Derailed Gaming'],20,True,5300.0,0.2
Crimson,5421.53,"['Hobbit Hole', 'Blink Squad', 'Dually Pubstars', 'Honey Beesports', 'Reverse Smurfs', 'Dually Truck Diesel Drinkers']",49,True,5300.0,0.49
rag3psych0,5421.11,"['Dually Truck Gas Gremlins', 'Savage Sabers']",65,True,5200.0,0.65
TrueLemon,5419.55,['Team Samsara'],24,False,5366.666666666667,0.24
Jacques De Gatineau,5412.55,"['GRIN Scythe', 'GRIN Smoke']",36,True,5100.0,0.36
Soseph Jalin,5411.65,"['Reverse Smurfs', 'Big Dingoz']",101,True,4300.0,1.0
stormBREAKER,5396.99,['Petting zoo retards'],27,True,5300.0,0.27
roian,5379.45,"['dXo-Warrior', 'Dually Truck Dumpster-Fire', 'The Bathtub Club']",67,True,5500.0,0.67
The Spanish Inquisition,5375.16,['5 Guys 1 Cup'],39,True,5200.0,0.39
Toms Bad at Games,5366.07,"['Petting Zoo Daddies', 'Petting zoo retards']",34,True,5500.0,0.34
ididid,5360.48,['Petting zoo retards'],46,True,6100.0,0.46
Sandman,5304.77,"['Pizzadog Academy', 'Slugpups', 'Disciples of Synderen']",50,True,6100.0,0.5
Leo Das,5277.12,['Derailed Gaming'],46,True,4700.0,0.46
â€ LuminousNiteâ€ ,5272.55,"['4 NOOBS 1 TROLLBUS', 'dXo-Challenger', ""Epstein's Islanders"", 'Team BSJ']",27,True,5500.0,0.27
Kinomoto Sakura,5271.47,['Mary Todd Lincoln: Forever Young'],56,True,4100.0,0.56
WackoSwami,5268.16,"['Pepecopters', 'Reverse Smurfs']",86,True,5100.0,0.86
TigOlBittiez,5267.04,"['Pepecopters', 'Reverse Smurfs']",82,True,5300.0,0.82
Wills,5264.33,"['Hobbit Hole', 'Crime Time', 'Island in the Sun', 'Blink Squad', 'Reverse Smurfs', 'Nameless', 'Force Squad', 'The Bathtub Club', 'Dually Truck Chicken Cartel', 'Vitamin Beesports', 'Grin.Nova']",100,True,5200.0,1.0
THE REAL IS BACK,5260.49,"['Honey Beesports', 'Pizzadog Academy']",39,True,5300.0,0.39
WackoDubbz,5247.74,"['Pepecopters', 'Reverse Smurfs']",82,True,5100.0,0.82
Rampage,5247.73,"['4 NOOBS 1 TROLLBUS', 'Reverse Smurfs']",27,True,5200.0,0.27
rZ | sidez,5236.0,['Petting zoo retards'],50,True,5600.0,0.5
rauke22,5207.96,"['Slugpups', 'Reverse Smurfs', 'Dually Truck Gas Gremlins', 'dXo-Explorer', 'GRIN Smoke']",58,True,4500.0,0.58
Qapla',5200.56,"['Reverse Smurfs', 'dXo-Explorer', 'GRIN Fury', 'GRIN Prism']",34,True,5300.0,0.34
shiv_cs,5197.76,"['Petting Zoo Daddies', 'Reverse Smurfs']",35,True,5500.0,0.35
Arc,5196.44,"['Hobbit Hole', 'Dually Truck Gas Gremlins']",21,True,5200.0,0.21
Jdog,5174.08,"[""John Wick's Dog""]",20,False,4683.333333333333,0.2
Propaganda,5168.96,"['Hobbit Hole', 'Blink Squad', 'Soulless', 'Porpin My Crank ']",46,True,5300.0,0.46
Tim The Enchanter,5168.35,['Hobbit Hole'],41,True,5300.0,0.41
Red X,5165.88,"['Blink Squad', 'Dually Pubstars', 'Slugcats', 'Disciples of Synderen', 'Petting Zoo Daddies', 'Dually Truck Dumpster-Fire', 'Ancient Assault Squad', 'Vitamin Beesports']",87,True,4300.0,0.87
PzR | agpat07,5160.98,['Petting zoo retards'],50,True,5200.0,0.5
Nhaleet,5155.95,"['Asphalt Annihilators', 'Dually Truck Dumpster-Fire', 'Dually Pubstars']",38,True,5300.0,0.38
rZ | mercy,5150.26,['Petting Zoo Daddies'],22,True,5200.0,0.22
Huey Lewis,5123.83,['The Mittens'],79,True,5300.0,0.79
Gund@m,5123.12,['dXo-Explorer'],20,True,5200.0,0.2
SALT.DGr8Cornholio,5119.37,['The Mittens'],85,True,5200.0,0.85
Little Debbie Xmas Tree Cake,5111.01,"['Grin.Nova', 'Good Time Squad', 'Blink Squad', 'Disinformation Campaign']",82,True,5300.0,0.82
Mr. Fahrenheit,5108.32,['The Mittens'],92,True,5300.0,0.92
Ali Bot,5107.72,"['Dark Horse Storm', '4 NOOBS 1 TROLLBUS', 'Disinformation Campaign']",25,True,5300.0,0.25
WOOD SYRUP,5107.6,['GENSYS '],23,True,5500.0,0.23
WadeMasterGAME.TTV,5106.1,"['Force Squad', 'Dually Truck Chicken Cartel', 'Big Dingoz', 'Pizzadog Academy', 'GRIN Rat Society']",41,True,5200.0,0.41
purplemudkip,5101.54,"['Comrades of Golf?', 'Golf Tuesday Reborn?', 'Soulless']",45,True,5400.0,0.45
auryce,5100.46,['The Mittens'],92,True,5400.0,0.92
pac,5088.68,"['Dually Truck Gas Gremlins', 'Island in the Sun', 'The Mittens']",40,True,4400.0,0.4
Zyle,5084.13,"['Dark Horse Storm', 'dXo-Challenger', 'Disinformation Campaign', 'Reverse Smurfs', 'Dually Truck Dumpster-Fire', 'Dually Truck Chicken Cartel', 'GRIN Scythe']",69,True,5500.0,0.69
Twystedweb,5082.14,['The Mittens'],89,True,4300.0,0.89
KeyserSÃ¶ze,5081.67,"['Hobbit Hole', 'Grin.Nova']",100,True,6200.0,1.0
ChickenPollo,5075.7,"['Dually Truck Dumpster-Fire', 'Dually Truck Chicken Cartel', 'Dually Truck Diesel Drinkers']",57,True,5300.0,0.57
Slavic Donut,5073.55,"['Petting Zoo Daddies', 'Petting zoo retards']",49,True,5200.0,0.49
Kitten,5045.03,"['Golf Tuesday Reborn?', ""Kitten's Kadets"", 'Golf Tuesday?', 'Batchesters of Golf?']",55,True,4200.0,0.55
Dacite,5042.93,['The Three Meepo Problem'],29,True,5400.0,0.29
Beef Supreme,5041.0,['Hobbit Hole'],83,True,5400.0,0.83
JinxHUN,5006.31,['Disinformation Campaign'],30,True,5200.0,0.3
megamatt,5003.38,"['Hobbit Hole', 'Blink Squad']",85,True,4200.0,0.85
Sefat1307,5000.4,"[""John Wick's Dog""]",20,True,4500.0,0.2
The Red Seal,4995.96,"['Hobbit Hole', 'Blink Squad']",92,True,5300.0,0.92
4knee,4979.37,['5 Guys 1 Cup'],39,True,4400.0,0.39
the URBAN_Goose,4974.52,"['Golf Tuesday Reborn?', 'Golf Tuesday?', 'Batchesters of Golf?']",37,True,5100.0,0.37
Biggie,4971.29,"['LoveLess', 'The Bathtub Club', 'Quasar Dreams', 'Grin.Nova', 'Soulless', '4 NOOBS 1 TROLLBUS', 'GRIN Smoke']",83,True,5400.0,0.83
arc warden with boobs,4947.62,"['Asphalt Annihilators', 'Slugcats', 'The Mittens', 'Dually Pubstars']",47,True,5200.0,0.47
"Dr. Donkey Dick, DMD",4941.49,"['Petting Zoo Daddies', 'Petting zoo retards']",32,True,4700.0,0.32
.:;..luhhhhhiihhhhh,4940.66,"['Quasar Dreams', 'Grin.Nova']",65,True,5100.0,0.65
Tyrannosaurus.Hex,4925.2,"['Asphalt Annihilators', 'Dually Pubstars', 'Blink Squad', 'Killer Beesports']",66,True,5100.0,0.66
Jezzer,4915.09,"['Slugpups', 'Reverse Smurfs', 'Pizzadog Academy', 'Quasar Dreams', 'Grin.Nova']",78,True,4100.0,0.78
~SauceðŸ›³,4913.07,"['Quasar Dreams', 'Grin.Nova']",73,True,4200.0,0.73
Old Man,4903.77,"['Hobbit Hole', 'Dually Truck Chicken Cartel', 'Ancient Assault Squad', 'dXo-Explorer', '4 NOOBS 1 TROLLBUS', 'Prius PickUps', 'Soulless']",72,True,4600.0,0.72
âœªï¸Ž_DArK AcE â„¢,4901.79,"['Slugpups', 'The Mittens', 'LF Danny Playoff Replacement', 'Pizzadog Academy', 'Quasar Dreams', 'Grin.Nova', 'Soulless']",78,True,4300.0,0.78
Plibt,4876.15,"['Asphalt Annihilators', 'Dually Truck Diesel Drinkers', 'Dually Pubstars']",59,True,4500.0,0.59
G.U.N.D.A.M,4873.75,"['Slugpups', 'Dually Truck Chicken Cartel', 'dXo-Explorer', 'Prius PickUps', 'The Three Meepo Problem']",64,True,5100.0,0.64
GayedMaster,4848.79,"[""Epstein's Islanders"", 'Team BSJ', 'Disinformation Campaign']",40,True,5100.0,0.4
Syndicate,4847.46,['GENSYS '],38,True,5300.0,0.38
Rh1no,4840.43,['I am > I was'],22,False,4271.428571428572,0.22
[ORCA] Ceotexas,4765.35,['5 Guys 1 Cup'],28,True,4200.0,0.28
Dark,4740.8,"['Slugpups', 'Good Time Squad', 'Blink Squad']",69,True,4300.0,0.69
RedFaction,4726.44,['The Three Meepo Problem'],31,True,4300.0,0.31
CHEFRICK,4725.47,['5 Guys 1 Cup'],22,True,4200.0,0.22
Backyardsluts9,4718.95,"['Petting Zoo Daddies', 'Petting zoo retards']",49,True,4100.0,0.49
Hangende Harry,4710.25,['Hobbit Hole'],21,True,4300.0,0.21
Betabits,4703.64,"['Slugpups', 'dXo-Explorer', 'Pot of Vainglory']",42,True,4200.0,0.42
FarmAssist[Shadow_Merc],4699.5,['Jackson 5'],31,True,4300.0,0.31
Ziggy,4696.08,"['Lemon Snow Cones', 'The Mittens']",75,True,6100.0,0.75
aTruckgril Beverly âœ¿,4690.27,"['ALL CAPS', 'The Three Meepo Problem']",33,True,4300.0,0.33
normalin,4661.61,"['Prius PickUps', 'Slugpups', 'dXo-Challenger', 'Pot of Vainglory']",72,True,4500.0,0.72
Kulaid,4660.76,"['Hobbit Hole', 'Prius PickUps', 'Blink Squad']",68,True,4700.0,0.68
Rada,4655.18,"['Pizzadog Academy', 'Disinformation Campaign']",37,True,4600.0,0.37
Tavanushi,4646.78,"['Slugpups', 'Pizzadog Academy']",33,True,4200.0,0.33
rZ | oXy,4627.67,"['Petting Zoo Daddies', 'Petting zoo retards']",20,True,4400.0,0.2
Snapped,4619.77,['Lemon Snow Cones'],77,True,5000.0,0.77
Bad Das,4584.3,['Derailed Gaming'],28,True,4300.0,0.28
VeX,4582.96,"['Teens Love Huge Clocks', 'Soulless', 'Brain Damage']",22,True,4100.0,0.22
Foxx,4577.54,"['LoveLess', 'Nether Knights', 'Pizzadog Academy', 'Quasar Dreams', 'Grin.Nova', 'Soulless']",36,True,4200.0,0.36
tar,4553.83,['Lemon Snow Cones'],79,True,5200.0,0.79
JanKed,4524.92,['Lemon Snow Cones'],77,True,4600.0,0.77
Noy,4522.36,['GENSYS '],38,True,4200.0,0.38
DistantEcho,4507.64,"['Lemon Snow Cones', 'The Mittens']",73,True,4500.0,0.73
Sailor Godzilla,4501.63,"['Slugpups', 'Asphalt Annihilators', 'Reverse Smurfs', 'Dually Truck Dumpster-Fire', 'Dually Truck Chicken Cartel', 'Ancient Assault Squad', 'Vitamin Beesports', 'Killer Beesports']",51,True,4300.0,0.51
Ro914,4493.77,"['Nether Knights', 'Tactical Feeding', 'LoveLess']",34,True,4100.0,0.34
LeBrao Zedong,4455.83,['Crime Time'],27,True,3600.0,0.27
é©¼é¹¿,4395.75,"['Prius PickUps', 'Vitamin Beesports']",34,True,4300.0,0.34
Who Got Smoke,4323.46,"['Quasar Dreams', 'Grin.Nova']",26,True,3500.0,0.26
Darkk,4289.94,"['Team Blunder', 'Dually Truck Dumpster-Fire', 'The Bathtub Club']",49,True,3600.0,0.49
Lams,4239.13,"['LoveLess', 'Good Time Squad', 'Blink Squad']",20,True,4200.0,0.2
t.tv/SlashBDS,4144.38,"['Asphalt Annihilators', 'Quasar Dreams']",32,True,3500.0,0.32
No_Hezi,4006.05,['GENSYS '],38,False,3377.777777777778,0.38
PhantomJellybean,3925.05,"['Golf Wrensday?', 'Golf Tuesday Reborn?', 'Golf Tuesday?']",39,True,3500.0,0.39
TARS,3828.16,['Disciples of Synderen'],34,True,3300.0,0.34
jphuffman55,3827.69,['The Three Meepo Problem'],33,True,3100.0,0.33
ChngGaling!,3801.91,['GENSYS '],20,False,3377.777777777778,0.2
TwelveSeven,3784.54,"['Reverse Smurfs', 'Ancient Assault Squad', 'Blink Squad', 'Dually Pubstars']",46,True,3400.0,0.46
1335 6th Avenue NY,3710.69,['Pizzadog Academy'],26,True,3400.0,0.26
lost,3631.03,"['Good Time Squad', 'Blink Squad', 'Force Squad', 'Ancient Assault Squad', 'Vitamin Beesports']",25,True,3400.0,0.25
1k subhuman,3546.96,"['Good Time Squad', 'Blink Squad', 'Pizzadog.JV', 'Force Squad', 'The Bathtub Club', 'Vitamin Beesports']",55,True,3100.0,0.55
"Don't Bully me, I'll Cum",3211.0,"['LoveLess', 'Good Time Squad', 'Force Squad']",35,True,3100.0,0.35
